X,Y,,,,,,value
9,52,,,,,,Pass
8,52,,,,,,Pass
6,52,,,,,,Pass
5,52,,,,,,Pass
4,52,,,,,,Pass
3,52,,,,,,Pass
2,52,,,,,,Pass
1,52,,,,,,Pass
-2,51,,,,,,Pass
-1,51,,,,,,Pass
0,51,,,,,,Pass
1,51,,,,,,Pass
2,51,,,,,,Pass
4,51,,,,,,Pass
5,51,,,,,,Pass
6,51,,,,,,Pass
7,51,,,,,,Pass
8,51,,,,,,Pass
9,51,,,,,,Pass
10,51,,,,,,Pass
11,51,,,,,,Pass
12,51,,,,,,Pass
13,51,,,,,,Pass
14,51,,,,,,Pass
16,50,,,,,,Pass
15,50,,,,,,Pass
14,50,,,,,,Pass
13,50,,,,,,Pass
12,50,,,,,,Pass
9,50,,,,,,Pass
8,50,,,,,,Pass
7,50,,,,,,Pass
6,50,,,,,,Pass
5,50,,,,,,Pass
4,50,,,,,,Pass
3,50,,,,,,Pass
2,50,,,,,,Pass
1,50,,,,,,Pass
0,50,,,,,,Pass
-1,50,,,,,,Pass
-2,50,,,,,,Pass
-3,50,,,,,,Pass
-4,50,,,,,,Pass
-5,49,,,,,,Pass
-4,49,,,,,,Pass
-3,49,,,,,,Pass
-1,49,,,,,,Pass
0,49,,,,,,Pass
1,49,,,,,,Pass
2,49,,,,,,Pass
3,49,,,,,,Pass
4,49,,,,,,Pass
5,49,,,,,,Pass
6,49,,,,,,Pass
7,49,,,,,,Pass
8,49,,,,,,Pass
9,49,,,,,,Pass
10,49,,,,,,Pass
11,49,,,,,,Pass
12,49,,,,,,Pass
13,49,,,,,,Pass
14,49,,,,,,Pass
15,49,,,,,,Pass
16,49,,,,,,Pass
17,49,,,,,,Pass
18,49,,,,,,Pass
20,48,,,,,,Pass
19,48,,,,,,Pass
18,48,,,,,,Pass
17,48,,,,,,Pass
16,48,,,,,,Pass
15,48,,,,,,Pass
14,48,,,,,,Pass
13,48,,,,,,Pass
12,48,,,,,,Pass
11,48,,,,,,Pass
10,48,,,,,,Pass
9,48,,,,,,Pass
8,48,,,,,,Pass
7,48,,,,,,Pass
6,48,,,,,,Pass
5,48,,,,,,Pass
4,48,,,,,,Pass
3,48,,,,,,Pass
2,48,,,,,,Pass
1,48,,,,,,Pass
0,48,,,,,,Pass
-2,48,,,,,,Pass
-4,48,,,,,,Pass
-5,48,,,,,,Pass
-7,48,,,,,,Pass
-8,48,,,,,,Pass
-9,47,,,,,,Pass
-8,47,,,,,,Pass
-7,47,,,,,,Pass
-6,47,,,,,,Pass
-5,47,,,,,,Pass
-4,47,,,,,,Pass
-3,47,,,,,,Pass
-2,47,,,,,,Pass
-1,47,,,,,,Pass
0,47,,,,,,Pass
1,47,,,,,,Pass
2,47,,,,,,Pass
3,47,,,,,,Pass
4,47,,,,,,Pass
5,47,,,,,,Pass
6,47,,,,,,Pass
7,47,,,,,,Pass
8,47,,,,,,Pass
9,47,,,,,,Pass
10,47,,,,,,Pass
11,47,,,,,,Pass
12,47,,,,,,Pass
13,47,,,,,,Pass
14,47,,,,,,Pass
15,47,,,,,,Pass
16,47,,,,,,Pass
17,47,,,,,,Pass
18,47,,,,,,Pass
19,47,,,,,,Pass
20,47,,,,,,Pass
21,47,,,,,,Pass
23,46,,,,,,Pass
22,46,,,,,,Pass
21,46,,,,,,Pass
20,46,,,,,,Pass
19,46,,,,,,Pass
18,46,,,,,,Pass
17,46,,,,,,Pass
16,46,,,,,,Pass
15,46,,,,,,Pass
14,46,,,,,,Pass
13,46,,,,,,Pass
12,46,,,,,,Pass
11,46,,,,,,Pass
10,46,,,,,,Pass
9,46,,,,,,Pass
8,46,,,,,,Pass
7,46,,,,,,Pass
6,46,,,,,,Pass
5,46,,,,,,Pass
4,46,,,,,,Pass
3,46,,,,,,Pass
2,46,,,,,,Pass
1,46,,,,,,Pass
0,46,,,,,,Pass
-1,46,,,,,,Pass
-2,46,,,,,,Pass
-3,46,,,,,,Pass
-4,46,,,,,,Pass
-5,46,,,,,,Pass
-6,46,,,,,,Pass
-7,46,,,,,,Pass
-8,46,,,,,,Pass
-9,46,,,,,,Pass
-10,46,,,,,,Pass
-11,46,,,,,,Pass
-12,45,,,,,,Pass
-10,45,,,,,,Pass
-9,45,,,,,,Pass
-8,45,,,,,,Pass
-7,45,,,,,,Pass
-6,45,,,,,,Pass
-5,45,,,,,,Pass
-4,45,,,,,,Pass
-3,45,,,,,,Pass
-2,45,,,,,,Pass
-1,45,,,,,,Pass
0,45,,,,,,Pass
1,45,,,,,,Pass
2,45,,,,,,Pass
3,45,,,,,,Pass
4,45,,,,,,Pass
5,45,,,,,,Pass
6,45,,,,,,Pass
7,45,,,,,,Pass
8,45,,,,,,Pass
9,45,,,,,,Pass
10,45,,,,,,Pass
11,45,,,,,,Pass
12,45,,,,,,Pass
13,45,,,,,,Pass
14,45,,,,,,Pass
15,45,,,,,,Pass
16,45,,,,,,Pass
17,45,,,,,,Pass
18,45,,,,,,Pass
19,45,,,,,,Pass
20,45,,,,,,Pass
21,45,,,,,,Pass
22,45,,,,,,Pass
23,45,,,,,,Pass
24,45,,,,,,Pass
24,44,,,,,,Pass
23,44,,,,,,Pass
22,44,,,,,,Pass
21,44,,,,,,Pass
20,44,,,,,,Pass
19,44,,,,,,Pass
18,44,,,,,,Pass
17,44,,,,,,Pass
16,44,,,,,,Pass
15,44,,,,,,Pass
14,44,,,,,,Pass
12,44,,,,,,Pass
11,44,,,,,,Pass
10,44,,,,,,Pass
9,44,,,,,,Pass
7,44,,,,,,Pass
6,44,,,,,,Pass
5,44,,,,,,Pass
4,44,,,,,,Pass
3,44,,,,,,Pass
1,44,,,,,,Pass
0,44,,,,,,Pass
-1,44,,,,,,Pass
-2,44,,,,,,Pass
-3,44,,,,,,Pass
-4,44,,,,,,Pass
-5,44,,,,,,Pass
-6,44,,,,,,Pass
-7,44,,,,,,Pass
-8,44,,,,,,Pass
-9,44,,,,,,Pass
-10,44,,,,,,Pass
-11,44,,,,,,Pass
-13,44,,,,,,Pass
-13,43,,,,,,Pass
-10,43,,,,,,Pass
-9,43,,,,,,Pass
-8,43,,,,,,Pass
-7,43,,,,,,Pass
-6,43,,,,,,Pass
-5,43,,,,,,Pass
-4,43,,,,,,Pass
-3,43,,,,,,Pass
-2,43,,,,,,Pass
-1,43,,,,,,Pass
0,43,,,,,,Pass
1,43,,,,,,Pass
2,43,,,,,,Pass
3,43,,,,,,Pass
4,43,,,,,,Pass
5,43,,,,,,Pass
6,43,,,,,,Pass
7,43,,,,,,Pass
8,43,,,,,,Pass
10,43,,,,,,Pass
11,43,,,,,,Pass
12,43,,,,,,Pass
13,43,,,,,,Pass
14,43,,,,,,Pass
15,43,,,,,,Pass
16,43,,,,,,Pass
17,43,,,,,,Pass
18,43,,,,,,Pass
19,43,,,,,,Pass
20,43,,,,,,Pass
21,43,,,,,,Pass
22,43,,,,,,Pass
23,43,,,,,,Pass
24,43,,,,,,Pass
25,43,,,,,,Pass
26,42,,,,,,Pass
25,42,,,,,,Pass
24,42,,,,,,Pass
23,42,,,,,,Pass
22,42,,,,,,Pass
21,42,,,,,,Pass
20,42,,,,,,Pass
19,42,,,,,,Pass
18,42,,,,,,Pass
17,42,,,,,,Pass
16,42,,,,,,Pass
15,42,,,,,,Pass
14,42,,,,,,Pass
13,42,,,,,,Pass
12,42,,,,,,Pass
11,42,,,,,,Pass
10,42,,,,,,Pass
9,42,,,,,,Pass
8,42,,,,,,Pass
7,42,,,,,,Pass
6,42,,,,,,Pass
5,42,,,,,,Pass
4,42,,,,,,Pass
3,42,,,,,,Pass
2,42,,,,,,Pass
1,42,,,,,,Pass
0,42,,,,,,Pass
-1,42,,,,,,Pass
-2,42,,,,,,Pass
-3,42,,,,,,Pass
-4,42,,,,,,Pass
-5,42,,,,,,Pass
-6,42,,,,,,Pass
-7,42,,,,,,Pass
-8,42,,,,,,Pass
-9,42,,,,,,Pass
-10,42,,,,,,Pass
-11,42,,,,,,Pass
-12,42,,,,,,Pass
-13,42,,,,,,Pass
-14,42,,,,,,Pass
-15,41,,,,,,Pass
-14,41,,,,,,Pass
-13,41,,,,,,Pass
-12,41,,,,,,Pass
-11,41,,,,,,Pass
-10,41,,,,,,Pass
-9,41,,,,,,Pass
-8,41,,,,,,Pass
-7,41,,,,,,Pass
-6,41,,,,,,Pass
-5,41,,,,,,Pass
-4,41,,,,,,Pass
-3,41,,,,,,Pass
-2,41,,,,,,Pass
-1,41,,,,,,Pass
0,41,,,,,,Pass
1,41,,,,,,Pass
2,41,,,,,,Pass
3,41,,,,,,Pass
4,41,,,,,,Pass
5,41,,,,,,Pass
6,41,,,,,,Pass
7,41,,,,,,Pass
8,41,,,,,,Pass
9,41,,,,,,Pass
10,41,,,,,,Pass
11,41,,,,,,Pass
12,41,,,,,,Pass
13,41,,,,,,Pass
14,41,,,,,,Pass
15,41,,,,,,Pass
17,41,,,,,,Pass
18,41,,,,,,Pass
19,41,,,,,,Pass
20,41,,,,,,Pass
21,41,,,,,,Pass
22,41,,,,,,Pass
23,41,,,,,,Pass
24,41,,,,,,Pass
25,41,,,,,,Pass
26,41,,,,,,Pass
27,40,,,,,,Pass
26,40,,,,,,Pass
25,40,,,,,,Pass
24,40,,,,,,Pass
23,40,,,,,,Pass
22,40,,,,,,Pass
21,40,,,,,,Pass
20,40,,,,,,Pass
19,40,,,,,,Pass
18,40,,,,,,Pass
17,40,,,,,,Pass
16,40,,,,,,Pass
15,40,,,,,,Pass
14,40,,,,,,Pass
13,40,,,,,,Pass
12,40,,,,,,Pass
11,40,,,,,,Pass
10,40,,,,,,Pass
9,40,,,,,,Pass
8,40,,,,,,Pass
7,40,,,,,,Pass
6,40,,,,,,Pass
5,40,,,,,,Pass
4,40,,,,,,Pass
3,40,,,,,,Pass
2,40,,,,,,Pass
1,40,,,,,,Pass
0,40,,,,,,Pass
-1,40,,,,,,Pass
-2,40,,,,,,Pass
-3,40,,,,,,Pass
-4,40,,,,,,Pass
-5,40,,,,,,Pass
-6,40,,,,,,Pass
-7,40,,,,,,Pass
-8,40,,,,,,Pass
-10,40,,,,,,Pass
-11,40,,,,,,Pass
-12,40,,,,,,Pass
-13,40,,,,,,Pass
-14,40,,,,,,Pass
-15,40,,,,,,Pass
-16,40,,,,,,Pass
-15,39,,,,,,Pass
-14,39,,,,,,Pass
-13,39,,,,,,Pass
-12,39,,,,,,Pass
-11,39,,,,,,Pass
-10,39,,,,,,Pass
-9,39,,,,,,Pass
-8,39,,,,,,Pass
-7,39,,,,,,Pass
-6,39,,,,,,Pass
-5,39,,,,,,Pass
-4,39,,,,,,Pass
-3,39,,,,,,Pass
-2,39,,,,,,Pass
-1,39,,,,,,Pass
0,39,,,,,,Pass
1,39,,,,,,Pass
2,39,,,,,,Pass
3,39,,,,,,Pass
4,39,,,,,,Pass
5,39,,,,,,Pass
6,39,,,,,,Pass
7,39,,,,,,Pass
8,39,,,,,,Pass
9,39,,,,,,Pass
10,39,,,,,,Pass
11,39,,,,,,Pass
12,39,,,,,,Pass
13,39,,,,,,Pass
14,39,,,,,,Pass
15,39,,,,,,Pass
16,39,,,,,,Pass
17,39,,,,,,Pass
18,39,,,,,,Pass
19,39,,,,,,Pass
20,39,,,,,,Pass
21,39,,,,,,Pass
22,39,,,,,,Pass
23,39,,,,,,Pass
25,39,,,,,,Pass
26,39,,,,,,Pass
27,39,,,,,,Pass
28,39,,,,,,Pass
28,38,,,,,,Pass
27,38,,,,,,Pass
26,38,,,,,,Pass
25,38,,,,,,Pass
24,38,,,,,,Pass
23,38,,,,,,Pass
22,38,,,,,,Pass
21,38,,,,,,Pass
20,38,,,,,,Pass
19,38,,,,,,Pass
18,38,,,,,,Pass
17,38,,,,,,Pass
16,38,,,,,,Pass
15,38,,,,,,Pass
14,38,,,,,,Pass
13,38,,,,,,Pass
12,38,,,,,,Pass
11,38,,,,,,Pass
10,38,,,,,,Pass
9,38,,,,,,Pass
7,38,,,,,,Pass
6,38,,,,,,Pass
5,38,,,,,,Pass
4,38,,,,,,Pass
3,38,,,,,,Pass
2,38,,,,,,Pass
1,38,,,,,,Pass
0,38,,,,,,Pass
-1,38,,,,,,Pass
-2,38,,,,,,Pass
-3,38,,,,,,Pass
-4,38,,,,,,Pass
-5,38,,,,,,Pass
-6,38,,,,,,Pass
-7,38,,,,,,Pass
-8,38,,,,,,Pass
-9,38,,,,,,Pass
-10,38,,,,,,Pass
-11,38,,,,,,Pass
-13,38,,,,,,Pass
-14,38,,,,,,Pass
-16,38,,,,,,Pass
-17,38,,,,,,Pass
-17,37,,,,,,Pass
-16,37,,,,,,Pass
-15,37,,,,,,Pass
-14,37,,,,,,Pass
-13,37,,,,,,Pass
-12,37,,,,,,Pass
-11,37,,,,,,Pass
-10,37,,,,,,Pass
-9,37,,,,,,Pass
-8,37,,,,,,Pass
-7,37,,,,,,Pass
-6,37,,,,,,Pass
-5,37,,,,,,Pass
-4,37,,,,,,Pass
-3,37,,,,,,Pass
-2,37,,,,,,Pass
0,37,,,,,,Pass
1,37,,,,,,Pass
2,37,,,,,,Pass
3,37,,,,,,Pass
4,37,,,,,,Pass
5,37,,,,,,Pass
6,37,,,,,,Pass
7,37,,,,,,Pass
8,37,,,,,,Pass
9,37,,,,,,Pass
10,37,,,,,,Pass
11,37,,,,,,Pass
13,37,,,,,,Pass
14,37,,,,,,Pass
15,37,,,,,,Pass
16,37,,,,,,Pass
17,37,,,,,,Pass
19,37,,,,,,Pass
20,37,,,,,,Pass
21,37,,,,,,Pass
22,37,,,,,,Pass
23,37,,,,,,Pass
24,37,,,,,,Pass
25,37,,,,,,Pass
26,37,,,,,,Pass
27,37,,,,,,Pass
28,37,,,,,,Pass
29,37,,,,,,Pass
29,36,,,,,,Pass
28,36,,,,,,Pass
27,36,,,,,,Pass
26,36,,,,,,Pass
25,36,,,,,,Pass
24,36,,,,,,Pass
23,36,,,,,,Pass
22,36,,,,,,Pass
21,36,,,,,,Pass
20,36,,,,,,Pass
19,36,,,,,,Pass
18,36,,,,,,Pass
17,36,,,,,,Pass
16,36,,,,,,Pass
15,36,,,,,,Pass
14,36,,,,,,Pass
13,36,,,,,,Pass
12,36,,,,,,Pass
11,36,,,,,,Pass
10,36,,,,,,Pass
9,36,,,,,,Pass
8,36,,,,,,Pass
7,36,,,,,,Pass
5,36,,,,,,Pass
4,36,,,,,,Pass
3,36,,,,,,Pass
2,36,,,,,,Pass
1,36,,,,,,Pass
0,36,,,,,,Pass
-1,36,,,,,,Pass
-2,36,,,,,,Pass
-3,36,,,,,,Pass
-4,36,,,,,,Pass
-5,36,,,,,,Pass
-6,36,,,,,,Pass
-7,36,,,,,,Pass
-8,36,,,,,,Pass
-9,36,,,,,,Pass
-10,36,,,,,,Pass
-11,36,,,,,,Pass
-13,36,,,,,,Pass
-14,36,,,,,,Pass
-15,36,,,,,,Pass
-16,36,,,,,,Pass
-17,36,,,,,,Pass
-18,36,,,,,,Pass
-18,35,,,,,,Pass
-17,35,,,,,,Pass
-15,35,,,,,,Pass
-14,35,,,,,,Pass
-13,35,,,,,,Pass
-12,35,,,,,,Pass
-11,35,,,,,,Pass
-10,35,,,,,,Pass
-9,35,,,,,,Pass
-8,35,,,,,,Pass
-7,35,,,,,,Pass
-6,35,,,,,,Pass
-5,35,,,,,,Pass
-4,35,,,,,,Pass
-3,35,,,,,,Pass
-2,35,,,,,,Pass
-1,35,,,,,,Pass
0,35,,,,,,Pass
1,35,,,,,,Pass
2,35,,,,,,Pass
3,35,,,,,,Pass
4,35,,,,,,Pass
5,35,,,,,,Pass
6,35,,,,,,Pass
7,35,,,,,,Pass
8,35,,,,,,Pass
9,35,,,,,,Pass
10,35,,,,,,Pass
11,35,,,,,,Pass
12,35,,,,,,Pass
13,35,,,,,,Pass
14,35,,,,,,Pass
15,35,,,,,,Pass
16,35,,,,,,Pass
17,35,,,,,,Pass
18,35,,,,,,Pass
19,35,,,,,,Pass
20,35,,,,,,Pass
21,35,,,,,,Pass
22,35,,,,,,Pass
23,35,,,,,,Pass
24,35,,,,,,Pass
25,35,,,,,,Pass
26,35,,,,,,Pass
27,35,,,,,,Pass
28,35,,,,,,Pass
29,35,,,,,,Pass
30,34,,,,,,Pass
29,34,,,,,,Pass
28,34,,,,,,Pass
27,34,,,,,,Pass
26,34,,,,,,Pass
25,34,,,,,,Pass
24,34,,,,,,Pass
22,34,,,,,,Pass
21,34,,,,,,Pass
20,34,,,,,,Pass
19,34,,,,,,Pass
18,34,,,,,,Pass
17,34,,,,,,Pass
16,34,,,,,,Pass
15,34,,,,,,Pass
14,34,,,,,,Pass
13,34,,,,,,Pass
12,34,,,,,,Pass
11,34,,,,,,Pass
9,34,,,,,,Pass
7,34,,,,,,Pass
6,34,,,,,,Pass
5,34,,,,,,Pass
4,34,,,,,,Pass
3,34,,,,,,Pass
2,34,,,,,,Pass
1,34,,,,,,Pass
0,34,,,,,,Pass
-1,34,,,,,,Pass
-2,34,,,,,,Pass
-3,34,,,,,,Pass
-4,34,,,,,,Pass
-5,34,,,,,,Pass
-6,34,,,,,,Pass
-7,34,,,,,,Pass
-8,34,,,,,,Pass
-9,34,,,,,,Pass
-10,34,,,,,,Pass
-11,34,,,,,,Pass
-12,34,,,,,,Pass
-13,34,,,,,,Pass
-14,34,,,,,,Pass
-15,34,,,,,,Pass
-16,34,,,,,,Pass
-17,34,,,,,,Pass
-18,34,,,,,,Pass
-19,33,,,,,,Pass
-18,33,,,,,,Pass
-17,33,,,,,,Pass
-16,33,,,,,,Pass
-15,33,,,,,,Pass
-14,33,,,,,,Pass
-13,33,,,,,,Pass
-12,33,,,,,,Pass
-11,33,,,,,,Pass
-10,33,,,,,,Pass
-9,33,,,,,,Pass
-8,33,,,,,,Pass
-7,33,,,,,,Pass
-6,33,,,,,,Pass
-5,33,,,,,,Pass
-4,33,,,,,,Pass
-3,33,,,,,,Pass
-2,33,,,,,,Pass
0,33,,,,,,Pass
1,33,,,,,,Pass
2,33,,,,,,Pass
3,33,,,,,,Pass
4,33,,,,,,Pass
5,33,,,,,,Pass
6,33,,,,,,Pass
7,33,,,,,,Pass
8,33,,,,,,Pass
9,33,,,,,,Pass
10,33,,,,,,Pass
11,33,,,,,,Pass
12,33,,,,,,Pass
14,33,,,,,,Pass
15,33,,,,,,Pass
16,33,,,,,,Pass
17,33,,,,,,Pass
18,33,,,,,,Pass
19,33,,,,,,Pass
20,33,,,,,,Pass
21,33,,,,,,Pass
22,33,,,,,,Pass
23,33,,,,,,Pass
25,33,,,,,,Pass
26,33,,,,,,Pass
27,33,,,,,,Pass
28,33,,,,,,Pass
29,33,,,,,,Pass
30,33,,,,,,Pass
30,32,,,,,,Pass
29,32,,,,,,Pass
28,32,,,,,,Pass
27,32,,,,,,Pass
26,32,,,,,,Pass
25,32,,,,,,Pass
24,32,,,,,,Pass
23,32,,,,,,Pass
22,32,,,,,,Pass
21,32,,,,,,Pass
20,32,,,,,,Pass
19,32,,,,,,Pass
18,32,,,,,,Pass
17,32,,,,,,Pass
16,32,,,,,,Pass
15,32,,,,,,Pass
14,32,,,,,,Pass
13,32,,,,,,Pass
12,32,,,,,,Pass
11,32,,,,,,Pass
10,32,,,,,,Pass
9,32,,,,,,Pass
8,32,,,,,,Pass
7,32,,,,,,Pass
6,32,,,,,,Pass
5,32,,,,,,Pass
3,32,,,,,,Pass
2,32,,,,,,Pass
1,32,,,,,,Pass
0,32,,,,,,Pass
-1,32,,,,,,Pass
-2,32,,,,,,Pass
-3,32,,,,,,Pass
-4,32,,,,,,Pass
-5,32,,,,,,Pass
-6,32,,,,,,Pass
-7,32,,,,,,Pass
-8,32,,,,,,Pass
-9,32,,,,,,Pass
-10,32,,,,,,Pass
-11,32,,,,,,Pass
-12,32,,,,,,Pass
-13,32,,,,,,Pass
-14,32,,,,,,Pass
-15,32,,,,,,Pass
-16,32,,,,,,Pass
-17,32,,,,,,Pass
-18,32,,,,,,Pass
-19,32,,,,,,Pass
-19,31,,,,,,Pass
-18,31,,,,,,Pass
-17,31,,,,,,Pass
-16,31,,,,,,Pass
-15,31,,,,,,Pass
-14,31,,,,,,Pass
-13,31,,,,,,Pass
-12,31,,,,,,Pass
-11,31,,,,,,Pass
-9,31,,,,,,Pass
-8,31,,,,,,Pass
-7,31,,,,,,Pass
-6,31,,,,,,Pass
-5,31,,,,,,Pass
-4,31,,,,,,Pass
-3,31,,,,,,Pass
-1,31,,,,,,Pass
0,31,,,,,,Pass
1,31,,,,,,Pass
2,31,,,,,,Pass
3,31,,,,,,Pass
4,31,,,,,,Pass
5,31,,,,,,Pass
6,31,,,,,,Pass
7,31,,,,,,Pass
8,31,,,,,,Pass
9,31,,,,,,Pass
10,31,,,,,,Pass
11,31,,,,,,Pass
12,31,,,,,,Pass
13,31,,,,,,Pass
14,31,,,,,,Pass
15,31,,,,,,Pass
16,31,,,,,,Pass
17,31,,,,,,Pass
18,31,,,,,,Pass
19,31,,,,,,Pass
20,31,,,,,,Pass
21,31,,,,,,Pass
23,31,,,,,,Pass
24,31,,,,,,Pass
25,31,,,,,,Pass
26,31,,,,,,Pass
27,31,,,,,,Pass
28,31,,,,,,Pass
29,31,,,,,,Pass
30,31,,,,,,Pass
31,31,,,,,,Pass
31,30,,,,,,Pass
30,30,,,,,,Pass
29,30,,,,,,Pass
28,30,,,,,,Pass
27,30,,,,,,Pass
26,30,,,,,,Pass
25,30,,,,,,Pass
24,30,,,,,,Pass
23,30,,,,,,Pass
22,30,,,,,,Pass
21,30,,,,,,Pass
20,30,,,,,,Pass
19,30,,,,,,Pass
18,30,,,,,,Pass
17,30,,,,,,Pass
16,30,,,,,,Pass
15,30,,,,,,Pass
14,30,,,,,,Pass
13,30,,,,,,Pass
12,30,,,,,,Pass
11,30,,,,,,Pass
10,30,,,,,,Pass
9,30,,,,,,Pass
8,30,,,,,,Pass
7,30,,,,,,Pass
6,30,,,,,,Pass
5,30,,,,,,Pass
4,30,,,,,,Pass
2,30,,,,,,Pass
1,30,,,,,,Pass
0,30,,,,,,Pass
-1,30,,,,,,Pass
-2,30,,,,,,Pass
-3,30,,,,,,Pass
-4,30,,,,,,Pass
-5,30,,,,,,Pass
-6,30,,,,,,Pass
-7,30,,,,,,Pass
-8,30,,,,,,Pass
-9,30,,,,,,Pass
-10,30,,,,,,Pass
-11,30,,,,,,Pass
-12,30,,,,,,Pass
-13,30,,,,,,Pass
-14,30,,,,,,Pass
-15,30,,,,,,Pass
-16,30,,,,,,Pass
-17,30,,,,,,Pass
-18,30,,,,,,Pass
-19,30,,,,,,Pass
-19,29,,,,,,Pass
-18,29,,,,,,Pass
-17,29,,,,,,Pass
-16,29,,,,,,Pass
-15,29,,,,,,Pass
-14,29,,,,,,Pass
-13,29,,,,,,Pass
-12,29,,,,,,Pass
-11,29,,,,,,Pass
-10,29,,,,,,Pass
-9,29,,,,,,Pass
-8,29,,,,,,Pass
-7,29,,,,,,Pass
-6,29,,,,,,Pass
-5,29,,,,,,Pass
-4,29,,,,,,Pass
-3,29,,,,,,Pass
-2,29,,,,,,Pass
-1,29,,,,,,Pass
0,29,,,,,,Pass
1,29,,,,,,Pass
2,29,,,,,,Pass
3,29,,,,,,Pass
4,29,,,,,,Pass
5,29,,,,,,Pass
6,29,,,,,,Pass
7,29,,,,,,Pass
8,29,,,,,,Pass
9,29,,,,,,Pass
10,29,,,,,,Pass
11,29,,,,,,Pass
12,29,,,,,,Pass
13,29,,,,,,Pass
14,29,,,,,,Pass
15,29,,,,,,Pass
17,29,,,,,,Pass
18,29,,,,,,Pass
19,29,,,,,,Pass
20,29,,,,,,Pass
21,29,,,,,,Pass
22,29,,,,,,Pass
23,29,,,,,,Pass
24,29,,,,,,Pass
25,29,,,,,,Pass
26,29,,,,,,Pass
27,29,,,,,,Pass
28,29,,,,,,Pass
29,29,,,,,,Pass
31,29,,,,,,Pass
31,28,,,,,,Pass
30,28,,,,,,Pass
29,28,,,,,,Pass
28,28,,,,,,Pass
27,28,,,,,,Pass
26,28,,,,,,Pass
25,28,,,,,,Pass
24,28,,,,,,Pass
23,28,,,,,,Pass
22,28,,,,,,Pass
21,28,,,,,,Pass
19,28,,,,,,Pass
18,28,,,,,,Pass
17,28,,,,,,Pass
16,28,,,,,,Pass
15,28,,,,,,Pass
14,28,,,,,,Pass
13,28,,,,,,Pass
12,28,,,,,,Pass
11,28,,,,,,Pass
10,28,,,,,,Pass
9,28,,,,,,Pass
8,28,,,,,,Pass
7,28,,,,,,Pass
6,28,,,,,,Pass
5,28,,,,,,Pass
4,28,,,,,,Pass
3,28,,,,,,Pass
2,28,,,,,,Pass
1,28,,,,,,Pass
0,28,,,,,,Pass
-1,28,,,,,,Pass
-2,28,,,,,,Pass
-3,28,,,,,,Pass
-4,28,,,,,,Pass
-5,28,,,,,,Pass
-6,28,,,,,,Pass
-7,28,,,,,,Pass
-8,28,,,,,,Pass
-10,28,,,,,,Pass
-11,28,,,,,,Pass
-12,28,,,,,,Pass
-13,28,,,,,,Pass
-14,28,,,,,,Pass
-15,28,,,,,,Pass
-16,28,,,,,,Pass
-17,28,,,,,,Pass
-18,28,,,,,,Pass
-19,28,,,,,,Pass
-20,27,,,,,,Pass
-19,27,,,,,,Pass
-18,27,,,,,,Pass
-17,27,,,,,,Pass
-16,27,,,,,,Pass
-15,27,,,,,,Pass
-14,27,,,,,,Pass
-13,27,,,,,,Pass
-12,27,,,,,,Pass
-11,27,,,,,,Pass
-10,27,,,,,,Pass
-9,27,,,,,,Pass
-8,27,,,,,,Pass
-7,27,,,,,,Pass
-6,27,,,,,,Pass
-5,27,,,,,,Pass
-4,27,,,,,,Pass
-3,27,,,,,,Pass
-2,27,,,,,,Pass
-1,27,,,,,,Pass
0,27,,,,,,Pass
1,27,,,,,,Pass
2,27,,,,,,Pass
3,27,,,,,,Pass
4,27,,,,,,Pass
5,27,,,,,,Pass
6,27,,,,,,Pass
7,27,,,,,,Pass
8,27,,,,,,Pass
9,27,,,,,,Pass
10,27,,,,,,Pass
11,27,,,,,,Pass
12,27,,,,,,Pass
13,27,,,,,,Pass
14,27,,,,,,Pass
15,27,,,,,,Pass
16,27,,,,,,Pass
18,27,,,,,,Pass
19,27,,,,,,Pass
20,27,,,,,,Pass
21,27,,,,,,Pass
22,27,,,,,,Pass
23,27,,,,,,Pass
24,27,,,,,,Pass
25,27,,,,,,Pass
26,27,,,,,,Pass
27,27,,,,,,Pass
28,27,,,,,,Pass
29,27,,,,,,Pass
30,27,,,,,,Pass
31,27,,,,,,Pass
31,26,,,,,,Pass
30,26,,,,,,Pass
29,26,,,,,,Pass
28,26,,,,,,Pass
27,26,,,,,,Pass
26,26,,,,,,Pass
25,26,,,,,,Pass
24,26,,,,,,Pass
23,26,,,,,,Pass
22,26,,,,,,Pass
21,26,,,,,,Pass
20,26,,,,,,Pass
19,26,,,,,,Pass
18,26,,,,,,Pass
17,26,,,,,,Pass
16,26,,,,,,Pass
15,26,,,,,,Pass
14,26,,,,,,Pass
13,26,,,,,,Pass
12,26,,,,,,Pass
11,26,,,,,,Pass
10,26,,,,,,Pass
9,26,,,,,,Pass
8,26,,,,,,Pass
6,26,,,,,,Pass
5,26,,,,,,Pass
4,26,,,,,,Pass
3,26,,,,,,Pass
2,26,,,,,,Pass
1,26,,,,,,Pass
0,26,,,,,,Pass
-1,26,,,,,,Pass
-2,26,,,,,,Pass
-3,26,,,,,,Pass
-4,26,,,,,,Pass
-5,26,,,,,,Pass
-6,26,,,,,,Pass
-7,26,,,,,,Pass
-8,26,,,,,,Pass
-9,26,,,,,,Pass
-10,26,,,,,,Pass
-11,26,,,,,,Pass
-12,26,,,,,,Pass
-13,26,,,,,,Pass
-14,26,,,,,,Pass
-15,26,,,,,,Pass
-16,26,,,,,,Pass
-17,26,,,,,,Pass
-18,26,,,,,,Pass
-19,26,,,,,,Pass
-20,26,,,,,,Pass
-18,25,,,,,,Pass
-17,25,,,,,,Pass
-16,25,,,,,,Pass
-15,25,,,,,,Pass
-12,25,,,,,,Pass
-11,25,,,,,,Pass
-10,25,,,,,,Pass
-9,25,,,,,,Pass
-8,25,,,,,,Pass
-7,25,,,,,,Pass
-6,25,,,,,,Pass
-5,25,,,,,,Pass
-4,25,,,,,,Pass
-3,25,,,,,,Pass
-2,25,,,,,,Pass
-1,25,,,,,,Pass
0,25,,,,,,Pass
1,25,,,,,,Pass
2,25,,,,,,Pass
4,25,,,,,,Pass
5,25,,,,,,Pass
6,25,,,,,,Pass
7,25,,,,,,Pass
8,25,,,,,,Pass
9,25,,,,,,Pass
10,25,,,,,,Pass
11,25,,,,,,Pass
12,25,,,,,,Pass
13,25,,,,,,Pass
14,25,,,,,,Pass
15,25,,,,,,Pass
17,25,,,,,,Pass
18,25,,,,,,Pass
19,25,,,,,,Pass
20,25,,,,,,Pass
21,25,,,,,,Pass
22,25,,,,,,Pass
23,25,,,,,,Pass
24,25,,,,,,Pass
25,25,,,,,,Pass
26,25,,,,,,Pass
27,25,,,,,,Pass
28,25,,,,,,Pass
29,25,,,,,,Pass
30,25,,,,,,Pass
31,25,,,,,,Pass
31,24,,,,,,Pass
30,24,,,,,,Pass
29,24,,,,,,Pass
28,24,,,,,,Pass
27,24,,,,,,Pass
26,24,,,,,,Pass
25,24,,,,,,Pass
24,24,,,,,,Pass
23,24,,,,,,Pass
22,24,,,,,,Pass
21,24,,,,,,Pass
20,24,,,,,,Pass
19,24,,,,,,Pass
18,24,,,,,,Pass
17,24,,,,,,Pass
16,24,,,,,,Pass
15,24,,,,,,Pass
14,24,,,,,,Pass
13,24,,,,,,Pass
12,24,,,,,,Pass
11,24,,,,,,Pass
10,24,,,,,,Pass
9,24,,,,,,Pass
8,24,,,,,,Pass
7,24,,,,,,Pass
6,24,,,,,,Pass
5,24,,,,,,Pass
4,24,,,,,,Pass
2,24,,,,,,Pass
1,24,,,,,,Pass
0,24,,,,,,Pass
-1,24,,,,,,Pass
-2,24,,,,,,Pass
-3,24,,,,,,Pass
-4,24,,,,,,Pass
-5,24,,,,,,Pass
-6,24,,,,,,Pass
-7,24,,,,,,Pass
-8,24,,,,,,Pass
-9,24,,,,,,Pass
-10,24,,,,,,Pass
-11,24,,,,,,Pass
-12,24,,,,,,Pass
-13,24,,,,,,Pass
-14,24,,,,,,Pass
-15,24,,,,,,Pass
-16,24,,,,,,Pass
-17,24,,,,,,Pass
-18,24,,,,,,Pass
-19,24,,,,,,Pass
-19,23,,,,,,Pass
-18,23,,,,,,Pass
-17,23,,,,,,Pass
-16,23,,,,,,Pass
-15,23,,,,,,Pass
-14,23,,,,,,Pass
-13,23,,,,,,Pass
-11,23,,,,,,Pass
-10,23,,,,,,Pass
-8,23,,,,,,Pass
-7,23,,,,,,Pass
-6,23,,,,,,Pass
-5,23,,,,,,Pass
-4,23,,,,,,Pass
-3,23,,,,,,Pass
-1,23,,,,,,Pass
0,23,,,,,,Pass
1,23,,,,,,Pass
2,23,,,,,,Pass
3,23,,,,,,Pass
4,23,,,,,,Pass
5,23,,,,,,Pass
6,23,,,,,,Pass
7,23,,,,,,Pass
8,23,,,,,,Pass
9,23,,,,,,Pass
10,23,,,,,,Pass
11,23,,,,,,Pass
12,23,,,,,,Pass
13,23,,,,,,Pass
14,23,,,,,,Pass
15,23,,,,,,Pass
16,23,,,,,,Pass
17,23,,,,,,Pass
18,23,,,,,,Pass
19,23,,,,,,Pass
20,23,,,,,,Pass
21,23,,,,,,Pass
22,23,,,,,,Pass
23,23,,,,,,Pass
24,23,,,,,,Pass
25,23,,,,,,Pass
26,23,,,,,,Pass
27,23,,,,,,Pass
28,23,,,,,,Pass
30,23,,,,,,Pass
31,23,,,,,,Pass
31,22,,,,,,Pass
30,22,,,,,,Pass
29,22,,,,,,Pass
28,22,,,,,,Pass
27,22,,,,,,Pass
26,22,,,,,,Pass
25,22,,,,,,Pass
24,22,,,,,,Pass
23,22,,,,,,Pass
22,22,,,,,,Pass
21,22,,,,,,Pass
20,22,,,,,,Pass
19,22,,,,,,Pass
18,22,,,,,,Pass
17,22,,,,,,Pass
16,22,,,,,,Pass
15,22,,,,,,Pass
14,22,,,,,,Pass
12,22,,,,,,Pass
11,22,,,,,,Pass
10,22,,,,,,Pass
9,22,,,,,,Pass
8,22,,,,,,Pass
7,22,,,,,,Pass
6,22,,,,,,Pass
5,22,,,,,,Pass
4,22,,,,,,Pass
3,22,,,,,,Pass
2,22,,,,,,Pass
1,22,,,,,,Pass
0,22,,,,,,Pass
-2,22,,,,,,Pass
-3,22,,,,,,Pass
-4,22,,,,,,Pass
-5,22,,,,,,Pass
-6,22,,,,,,Pass
-7,22,,,,,,Pass
-8,22,,,,,,Pass
-9,22,,,,,,Pass
-10,22,,,,,,Pass
-11,22,,,,,,Pass
-14,22,,,,,,Pass
-15,22,,,,,,Pass
-16,22,,,,,,Pass
-17,22,,,,,,Pass
-18,22,,,,,,Pass
-19,22,,,,,,Pass
-18,21,,,,,,Pass
-17,21,,,,,,Pass
-16,21,,,,,,Pass
-15,21,,,,,,Pass
-14,21,,,,,,Pass
-13,21,,,,,,Pass
-12,21,,,,,,Pass
-11,21,,,,,,Pass
-10,21,,,,,,Pass
-9,21,,,,,,Pass
-8,21,,,,,,Pass
-7,21,,,,,,Pass
-6,21,,,,,,Pass
-5,21,,,,,,Pass
-4,21,,,,,,Pass
-3,21,,,,,,Pass
-2,21,,,,,,Pass
-1,21,,,,,,Pass
0,21,,,,,,Pass
1,21,,,,,,Pass
2,21,,,,,,Pass
3,21,,,,,,Pass
4,21,,,,,,Pass
6,21,,,,,,Pass
7,21,,,,,,Pass
8,21,,,,,,Pass
9,21,,,,,,Pass
10,21,,,,,,Pass
11,21,,,,,,Pass
12,21,,,,,,Pass
13,21,,,,,,Pass
14,21,,,,,,Pass
15,21,,,,,,Pass
16,21,,,,,,Pass
18,21,,,,,,Pass
19,21,,,,,,Pass
20,21,,,,,,Pass
21,21,,,,,,Pass
22,21,,,,,,Pass
23,21,,,,,,Pass
24,21,,,,,,Pass
25,21,,,,,,Pass
29,21,,,,,,Pass
30,20,,,,,,Pass
29,20,,,,,,Pass
28,20,,,,,,Pass
27,20,,,,,,Pass
26,20,,,,,,Pass
25,20,,,,,,Pass
24,20,,,,,,Pass
23,20,,,,,,Pass
22,20,,,,,,Pass
21,20,,,,,,Pass
20,20,,,,,,Pass
19,20,,,,,,Pass
18,20,,,,,,Pass
17,20,,,,,,Pass
16,20,,,,,,Pass
15,20,,,,,,Pass
14,20,,,,,,Pass
13,20,,,,,,Pass
12,20,,,,,,Pass
11,20,,,,,,Pass
10,20,,,,,,Pass
9,20,,,,,,Pass
8,20,,,,,,Pass
7,20,,,,,,Pass
6,20,,,,,,Pass
5,20,,,,,,Pass
4,20,,,,,,Pass
3,20,,,,,,Pass
2,20,,,,,,Pass
1,20,,,,,,Pass
0,20,,,,,,Pass
-1,20,,,,,,Pass
-2,20,,,,,,Pass
-3,20,,,,,,Pass
-4,20,,,,,,Pass
-6,20,,,,,,Pass
-7,20,,,,,,Pass
-8,20,,,,,,Pass
-9,20,,,,,,Pass
-10,20,,,,,,Pass
-11,20,,,,,,Pass
-12,20,,,,,,Pass
-13,20,,,,,,Pass
-14,20,,,,,,Pass
-15,20,,,,,,Pass
-16,20,,,,,,Pass
-17,20,,,,,,Pass
-19,20,,,,,,Pass
-19,19,,,,,,Pass
-18,19,,,,,,Pass
-17,19,,,,,,Pass
-16,19,,,,,,Pass
-15,19,,,,,,Pass
-14,19,,,,,,Pass
-13,19,,,,,,Pass
-12,19,,,,,,Pass
-11,19,,,,,,Pass
-10,19,,,,,,Pass
-9,19,,,,,,Pass
-8,19,,,,,,Pass
-7,19,,,,,,Pass
-6,19,,,,,,Pass
-5,19,,,,,,Pass
-3,19,,,,,,Pass
-2,19,,,,,,Pass
-1,19,,,,,,Pass
0,19,,,,,,Pass
1,19,,,,,,Pass
2,19,,,,,,Pass
3,19,,,,,,Pass
4,19,,,,,,Pass
5,19,,,,,,Pass
6,19,,,,,,Pass
7,19,,,,,,Pass
8,19,,,,,,Pass
9,19,,,,,,Pass
10,19,,,,,,Pass
11,19,,,,,,Pass
12,19,,,,,,Pass
13,19,,,,,,Pass
14,19,,,,,,Pass
15,19,,,,,,Pass
16,19,,,,,,Pass
17,19,,,,,,Pass
18,19,,,,,,Pass
19,19,,,,,,Pass
20,19,,,,,,Pass
21,19,,,,,,Pass
22,19,,,,,,Pass
24,19,,,,,,Pass
25,19,,,,,,Pass
26,19,,,,,,Pass
27,19,,,,,,Pass
28,19,,,,,,Pass
29,19,,,,,,Pass
30,19,,,,,,Pass
30,18,,,,,,Pass
29,18,,,,,,Pass
28,18,,,,,,Pass
27,18,,,,,,Pass
26,18,,,,,,Pass
25,18,,,,,,Pass
24,18,,,,,,Pass
23,18,,,,,,Pass
22,18,,,,,,Pass
21,18,,,,,,Pass
20,18,,,,,,Pass
19,18,,,,,,Pass
18,18,,,,,,Pass
17,18,,,,,,Pass
16,18,,,,,,Pass
14,18,,,,,,Pass
13,18,,,,,,Pass
12,18,,,,,,Pass
11,18,,,,,,Pass
10,18,,,,,,Pass
9,18,,,,,,Pass
8,18,,,,,,Pass
7,18,,,,,,Pass
6,18,,,,,,Pass
5,18,,,,,,Pass
4,18,,,,,,Pass
3,18,,,,,,Pass
2,18,,,,,,Pass
1,18,,,,,,Pass
0,18,,,,,,Pass
-1,18,,,,,,Pass
-2,18,,,,,,Pass
-3,18,,,,,,Pass
-4,18,,,,,,Pass
-5,18,,,,,,Pass
-6,18,,,,,,Pass
-7,18,,,,,,Pass
-8,18,,,,,,Pass
-9,18,,,,,,Pass
-10,18,,,,,,Pass
-11,18,,,,,,Pass
-12,18,,,,,,Pass
-13,18,,,,,,Pass
-14,18,,,,,,Pass
-15,18,,,,,,Pass
-16,18,,,,,,Pass
-17,18,,,,,,Pass
-18,18,,,,,,Pass
-18,17,,,,,,Pass
-17,17,,,,,,Pass
-16,17,,,,,,Pass
-15,17,,,,,,Pass
-14,17,,,,,,Pass
-13,17,,,,,,Pass
-12,17,,,,,,Pass
-11,17,,,,,,Pass
-10,17,,,,,,Pass
-9,17,,,,,,Pass
-8,17,,,,,,Pass
-7,17,,,,,,Pass
-6,17,,,,,,Pass
-5,17,,,,,,Pass
-4,17,,,,,,Pass
-3,17,,,,,,Pass
-2,17,,,,,,Pass
-1,17,,,,,,Pass
0,17,,,,,,Pass
1,17,,,,,,Pass
2,17,,,,,,Pass
3,17,,,,,,Pass
4,17,,,,,,Pass
5,17,,,,,,Pass
6,17,,,,,,Pass
7,17,,,,,,Pass
8,17,,,,,,Pass
9,17,,,,,,Pass
10,17,,,,,,Pass
11,17,,,,,,Pass
12,17,,,,,,Pass
13,17,,,,,,Pass
14,17,,,,,,Pass
15,17,,,,,,Pass
16,17,,,,,,Pass
17,17,,,,,,Pass
18,17,,,,,,Pass
19,17,,,,,,Pass
20,17,,,,,,Pass
21,17,,,,,,Pass
22,17,,,,,,Pass
24,17,,,,,,Pass
25,17,,,,,,Pass
26,17,,,,,,Pass
27,17,,,,,,Pass
29,17,,,,,,Pass
29,16,,,,,,Pass
28,16,,,,,,Pass
27,16,,,,,,Pass
26,16,,,,,,Pass
25,16,,,,,,Pass
24,16,,,,,,Pass
23,16,,,,,,Pass
22,16,,,,,,Pass
20,16,,,,,,Pass
19,16,,,,,,Pass
18,16,,,,,,Pass
17,16,,,,,,Pass
16,16,,,,,,Pass
15,16,,,,,,Pass
14,16,,,,,,Pass
13,16,,,,,,Pass
12,16,,,,,,Pass
11,16,,,,,,Pass
10,16,,,,,,Pass
9,16,,,,,,Pass
8,16,,,,,,Pass
7,16,,,,,,Pass
6,16,,,,,,Pass
5,16,,,,,,Pass
4,16,,,,,,Pass
3,16,,,,,,Pass
2,16,,,,,,Pass
1,16,,,,,,Pass
0,16,,,,,,Pass
-1,16,,,,,,Pass
-2,16,,,,,,Pass
-3,16,,,,,,Pass
-4,16,,,,,,Pass
-5,16,,,,,,Pass
-6,16,,,,,,Pass
-7,16,,,,,,Pass
-8,16,,,,,,Pass
-9,16,,,,,,Pass
-10,16,,,,,,Pass
-11,16,,,,,,Pass
-12,16,,,,,,Pass
-13,16,,,,,,Pass
-14,16,,,,,,Pass
-15,16,,,,,,Pass
-16,16,,,,,,Pass
-18,16,,,,,,Pass
-17,15,,,,,,Pass
-16,15,,,,,,Pass
-15,15,,,,,,Pass
-14,15,,,,,,Pass
-13,15,,,,,,Pass
-12,15,,,,,,Pass
-11,15,,,,,,Pass
-10,15,,,,,,Pass
-9,15,,,,,,Pass
-8,15,,,,,,Pass
-7,15,,,,,,Pass
-6,15,,,,,,Pass
-5,15,,,,,,Pass
-4,15,,,,,,Pass
-3,15,,,,,,Pass
-2,15,,,,,,Pass
-1,15,,,,,,Pass
0,15,,,,,,Pass
1,15,,,,,,Pass
2,15,,,,,,Pass
3,15,,,,,,Pass
4,15,,,,,,Pass
5,15,,,,,,Pass
6,15,,,,,,Pass
7,15,,,,,,Pass
8,15,,,,,,Pass
9,15,,,,,,Pass
10,15,,,,,,Pass
12,15,,,,,,Pass
13,15,,,,,,Pass
14,15,,,,,,Pass
15,15,,,,,,Pass
16,15,,,,,,Pass
17,15,,,,,,Pass
18,15,,,,,,Pass
19,15,,,,,,Pass
20,15,,,,,,Pass
21,15,,,,,,Pass
22,15,,,,,,Pass
23,15,,,,,,Pass
24,15,,,,,,Pass
25,15,,,,,,Pass
26,15,,,,,,Pass
27,15,,,,,,Pass
28,15,,,,,,Pass
29,15,,,,,,Pass
28,14,,,,,,Pass
27,14,,,,,,Pass
26,14,,,,,,Pass
25,14,,,,,,Pass
24,14,,,,,,Pass
23,14,,,,,,Pass
22,14,,,,,,Pass
21,14,,,,,,Pass
20,14,,,,,,Pass
19,14,,,,,,Pass
18,14,,,,,,Pass
17,14,,,,,,Pass
15,14,,,,,,Pass
14,14,,,,,,Pass
13,14,,,,,,Pass
12,14,,,,,,Pass
11,14,,,,,,Pass
10,14,,,,,,Pass
9,14,,,,,,Pass
8,14,,,,,,Pass
7,14,,,,,,Pass
6,14,,,,,,Pass
5,14,,,,,,Pass
4,14,,,,,,Pass
3,14,,,,,,Pass
2,14,,,,,,Pass
1,14,,,,,,Pass
0,14,,,,,,Pass
-1,14,,,,,,Pass
-2,14,,,,,,Pass
-3,14,,,,,,Pass
-4,14,,,,,,Pass
-5,14,,,,,,Pass
-6,14,,,,,,Pass
-7,14,,,,,,Pass
-8,14,,,,,,Pass
-9,14,,,,,,Pass
-10,14,,,,,,Pass
-11,14,,,,,,Pass
-12,14,,,,,,Pass
-13,14,,,,,,Pass
-14,14,,,,,,Pass
-15,14,,,,,,Pass
-16,14,,,,,,Pass
-17,14,,,,,,Pass
-16,13,,,,,,Pass
-15,13,,,,,,Pass
-14,13,,,,,,Pass
-13,13,,,,,,Pass
-12,13,,,,,,Pass
-11,13,,,,,,Pass
-10,13,,,,,,Pass
-9,13,,,,,,Pass
-8,13,,,,,,Pass
-7,13,,,,,,Pass
-6,13,,,,,,Pass
-5,13,,,,,,Pass
-4,13,,,,,,Pass
-3,13,,,,,,Pass
-2,13,,,,,,Pass
-1,13,,,,,,Pass
0,13,,,,,,Pass
1,13,,,,,,Pass
2,13,,,,,,Pass
3,13,,,,,,Pass
4,13,,,,,,Pass
5,13,,,,,,Pass
6,13,,,,,,Pass
7,13,,,,,,Pass
8,13,,,,,,Pass
9,13,,,,,,Pass
10,13,,,,,,Pass
11,13,,,,,,Pass
12,13,,,,,,Pass
13,13,,,,,,Pass
14,13,,,,,,Pass
15,13,,,,,,Pass
16,13,,,,,,Pass
17,13,,,,,,Pass
18,13,,,,,,Pass
19,13,,,,,,Pass
22,13,,,,,,Pass
23,13,,,,,,Pass
24,13,,,,,,Pass
25,13,,,,,,Pass
26,13,,,,,,Pass
27,13,,,,,,Pass
27,12,,,,,,Pass
26,12,,,,,,Pass
25,12,,,,,,Pass
24,12,,,,,,Pass
23,12,,,,,,Pass
22,12,,,,,,Pass
21,12,,,,,,Pass
20,12,,,,,,Pass
19,12,,,,,,Pass
18,12,,,,,,Pass
17,12,,,,,,Pass
16,12,,,,,,Pass
15,12,,,,,,Pass
14,12,,,,,,Pass
13,12,,,,,,Pass
12,12,,,,,,Pass
11,12,,,,,,Pass
10,12,,,,,,Pass
9,12,,,,,,Pass
8,12,,,,,,Pass
7,12,,,,,,Pass
6,12,,,,,,Pass
5,12,,,,,,Pass
4,12,,,,,,Pass
3,12,,,,,,Pass
2,12,,,,,,Pass
1,12,,,,,,Pass
0,12,,,,,,Pass
-1,12,,,,,,Pass
-2,12,,,,,,Pass
-3,12,,,,,,Pass
-4,12,,,,,,Pass
-5,12,,,,,,Pass
-6,12,,,,,,Pass
-7,12,,,,,,Pass
-8,12,,,,,,Pass
-10,12,,,,,,Pass
-11,12,,,,,,Pass
-13,12,,,,,,Pass
-14,12,,,,,,Pass
-15,12,,,,,,Pass
-16,12,,,,,,Pass
-15,11,,,,,,Pass
-14,11,,,,,,Pass
-13,11,,,,,,Pass
-12,11,,,,,,Pass
-11,11,,,,,,Pass
-10,11,,,,,,Pass
-9,11,,,,,,Pass
-7,11,,,,,,Pass
-6,11,,,,,,Pass
-5,11,,,,,,Pass
-4,11,,,,,,Pass
-3,11,,,,,,Pass
-2,11,,,,,,Pass
-1,11,,,,,,Pass
0,11,,,,,,Pass
1,11,,,,,,Pass
2,11,,,,,,Pass
3,11,,,,,,Pass
4,11,,,,,,Pass
5,11,,,,,,Pass
6,11,,,,,,Pass
7,11,,,,,,Pass
8,11,,,,,,Pass
9,11,,,,,,Pass
10,11,,,,,,Pass
11,11,,,,,,Pass
12,11,,,,,,Pass
13,11,,,,,,Pass
14,11,,,,,,Pass
15,11,,,,,,Pass
16,11,,,,,,Pass
17,11,,,,,,Pass
18,11,,,,,,Pass
19,11,,,,,,Pass
20,11,,,,,,Pass
22,11,,,,,,Pass
23,11,,,,,,Pass
24,11,,,,,,Pass
25,11,,,,,,Pass
26,11,,,,,,Pass
26,10,,,,,,Pass
25,10,,,,,,Pass
24,10,,,,,,Pass
23,10,,,,,,Pass
22,10,,,,,,Pass
21,10,,,,,,Pass
19,10,,,,,,Pass
18,10,,,,,,Pass
17,10,,,,,,Pass
16,10,,,,,,Pass
14,10,,,,,,Pass
13,10,,,,,,Pass
12,10,,,,,,Pass
11,10,,,,,,Pass
10,10,,,,,,Pass
9,10,,,,,,Pass
8,10,,,,,,Pass
7,10,,,,,,Pass
6,10,,,,,,Pass
5,10,,,,,,Pass
3,10,,,,,,Pass
2,10,,,,,,Pass
1,10,,,,,,Pass
0,10,,,,,,Pass
-1,10,,,,,,Pass
-2,10,,,,,,Pass
-3,10,,,,,,Pass
-4,10,,,,,,Pass
-5,10,,,,,,Pass
-6,10,,,,,,Pass
-7,10,,,,,,Pass
-8,10,,,,,,Pass
-10,10,,,,,,Pass
-11,10,,,,,,Pass
-12,10,,,,,,Pass
-13,9,,,,,,Pass
-12,9,,,,,,Pass
-11,9,,,,,,Pass
-10,9,,,,,,Pass
-9,9,,,,,,Pass
-7,9,,,,,,Pass
-6,9,,,,,,Pass
-5,9,,,,,,Pass
-4,9,,,,,,Pass
-3,9,,,,,,Pass
-2,9,,,,,,Pass
-1,9,,,,,,Pass
0,9,,,,,,Pass
1,9,,,,,,Pass
2,9,,,,,,Pass
3,9,,,,,,Pass
4,9,,,,,,Pass
5,9,,,,,,Pass
6,9,,,,,,Pass
7,9,,,,,,Pass
8,9,,,,,,Pass
9,9,,,,,,Pass
10,9,,,,,,Pass
11,9,,,,,,Pass
12,9,,,,,,Pass
13,9,,,,,,Pass
14,9,,,,,,Pass
15,9,,,,,,Pass
16,9,,,,,,Pass
17,9,,,,,,Pass
18,9,,,,,,Pass
19,9,,,,,,Pass
20,9,,,,,,Pass
21,9,,,,,,Pass
22,9,,,,,,Pass
23,9,,,,,,Pass
24,9,,,,,,Pass
25,9,,,,,,Pass
24,8,,,,,,Pass
22,8,,,,,,Pass
21,8,,,,,,Pass
20,8,,,,,,Pass
19,8,,,,,,Pass
18,8,,,,,,Pass
17,8,,,,,,Pass
16,8,,,,,,Pass
15,8,,,,,,Pass
14,8,,,,,,Pass
13,8,,,,,,Pass
12,8,,,,,,Pass
11,8,,,,,,Pass
10,8,,,,,,Pass
9,8,,,,,,Pass
8,8,,,,,,Pass
7,8,,,,,,Pass
6,8,,,,,,Pass
5,8,,,,,,Pass
4,8,,,,,,Pass
3,8,,,,,,Pass
2,8,,,,,,Pass
1,8,,,,,,Pass
0,8,,,,,,Pass
-1,8,,,,,,Pass
-2,8,,,,,,Pass
-3,8,,,,,,Pass
-4,8,,,,,,Pass
-5,8,,,,,,Pass
-6,8,,,,,,Pass
-7,8,,,,,,Pass
-8,8,,,,,,Pass
-10,8,,,,,,Pass
-11,8,,,,,,Pass
-12,8,,,,,,Pass
-13,8,,,,,,Pass
-11,7,,,,,,Pass
-10,7,,,,,,Pass
-9,7,,,,,,Pass
-8,7,,,,,,Pass
-7,7,,,,,,Pass
-6,7,,,,,,Pass
-5,7,,,,,,Pass
-4,7,,,,,,Pass
-3,7,,,,,,Pass
-2,7,,,,,,Pass
-1,7,,,,,,Pass
0,7,,,,,,Pass
1,7,,,,,,Pass
2,7,,,,,,Pass
3,7,,,,,,Pass
4,7,,,,,,Pass
5,7,,,,,,Pass
6,7,,,,,,Pass
7,7,,,,,,Pass
8,7,,,,,,Pass
9,7,,,,,,Pass
10,7,,,,,,Pass
11,7,,,,,,Pass
12,7,,,,,,Pass
13,7,,,,,,Pass
14,7,,,,,,Pass
15,7,,,,,,Pass
16,7,,,,,,Pass
17,7,,,,,,Pass
18,7,,,,,,Pass
19,7,,,,,,Pass
20,7,,,,,,Pass
21,7,,,,,,Pass
22,6,,,,,,Pass
21,6,,,,,,Pass
20,6,,,,,,Pass
19,6,,,,,,Pass
18,6,,,,,,Pass
17,6,,,,,,Pass
16,6,,,,,,Pass
15,6,,,,,,Pass
14,6,,,,,,Pass
13,6,,,,,,Pass
11,6,,,,,,Pass
10,6,,,,,,Pass
9,6,,,,,,Pass
8,6,,,,,,Pass
7,6,,,,,,Pass
6,6,,,,,,Pass
5,6,,,,,,Pass
4,6,,,,,,Pass
3,6,,,,,,Pass
2,6,,,,,,Pass
1,6,,,,,,Pass
0,6,,,,,,Pass
-1,6,,,,,,Pass
-2,6,,,,,,Pass
-3,6,,,,,,Pass
-5,6,,,,,,Pass
-6,6,,,,,,Pass
-7,6,,,,,,Pass
-8,6,,,,,,Pass
-9,6,,,,,,Pass
-10,5,,,,,,Pass
-9,5,,,,,,Pass
-8,5,,,,,,Pass
-7,5,,,,,,Pass
-6,5,,,,,,Pass
-5,5,,,,,,Pass
-4,5,,,,,,Pass
-3,5,,,,,,Pass
-2,5,,,,,,Pass
-1,5,,,,,,Pass
0,5,,,,,,Pass
1,5,,,,,,Pass
2,5,,,,,,Pass
3,5,,,,,,Pass
4,5,,,,,,Pass
5,5,,,,,,Pass
6,5,,,,,,Pass
7,5,,,,,,Pass
8,5,,,,,,Pass
9,5,,,,,,Pass
10,5,,,,,,Pass
11,5,,,,,,Pass
12,5,,,,,,Pass
13,5,,,,,,Pass
14,5,,,,,,Pass
15,5,,,,,,Pass
16,5,,,,,,Pass
17,5,,,,,,Pass
18,5,,,,,,Pass
19,5,,,,,,Pass
20,5,,,,,,Pass
21,5,,,,,,Pass
20,4,,,,,,Pass
19,4,,,,,,Pass
18,4,,,,,,Pass
17,4,,,,,,Pass
16,4,,,,,,Pass
15,4,,,,,,Pass
14,4,,,,,,Pass
13,4,,,,,,Pass
12,4,,,,,,Pass
11,4,,,,,,Pass
10,4,,,,,,Pass
9,4,,,,,,Pass
8,4,,,,,,Pass
7,4,,,,,,Pass
6,4,,,,,,Pass
5,4,,,,,,Pass
4,4,,,,,,Pass
2,4,,,,,,Pass
1,4,,,,,,Pass
0,4,,,,,,Pass
-1,4,,,,,,Pass
-2,4,,,,,,Pass
-3,4,,,,,,Pass
-4,4,,,,,,Pass
-5,4,,,,,,Pass
-6,4,,,,,,Pass
-7,4,,,,,,Pass
-8,4,,,,,,Pass
-7,3,,,,,,Pass
-6,3,,,,,,Pass
-5,3,,,,,,Pass
-4,3,,,,,,Pass
-3,3,,,,,,Pass
-2,3,,,,,,Pass
-1,3,,,,,,Pass
0,3,,,,,,Pass
1,3,,,,,,Pass
2,3,,,,,,Pass
3,3,,,,,,Pass
4,3,,,,,,Pass
5,3,,,,,,Pass
6,3,,,,,,Pass
7,3,,,,,,Pass
8,3,,,,,,Pass
9,3,,,,,,Pass
10,3,,,,,,Pass
11,3,,,,,,Pass
12,3,,,,,,Pass
13,3,,,,,,Pass
14,3,,,,,,Pass
15,3,,,,,,Pass
16,3,,,,,,Pass
17,3,,,,,,Pass
18,3,,,,,,Pass
17,2,,,,,,Pass
16,2,,,,,,Pass
15,2,,,,,,Pass
14,2,,,,,,Pass
13,2,,,,,,Pass
12,2,,,,,,Pass
10,2,,,,,,Pass
9,2,,,,,,Pass
8,2,,,,,,Pass
7,2,,,,,,Pass
6,2,,,,,,Pass
5,2,,,,,,Pass
4,2,,,,,,Pass
3,2,,,,,,Pass
2,2,,,,,,Pass
1,2,,,,,,Pass
0,2,,,,,,Pass
-1,2,,,,,,Pass
-2,2,,,,,,Pass
-3,2,,,,,,Pass
-5,2,,,,,,Pass
-3,1,,,,,,Pass
-2,1,,,,,,Pass
-1,1,,,,,,Pass
0,1,,,,,,Pass
1,1,,,,,,Pass
2,1,,,,,,Pass
3,1,,,,,,Pass
4,1,,,,,,Pass
5,1,,,,,,Pass
6,1,,,,,,Pass
7,1,,,,,,Pass
8,1,,,,,,Pass
9,1,,,,,,Pass
10,1,,,,,,Pass
11,1,,,,,,Pass
12,1,,,,,,Pass
13,1,,,,,,Pass
14,1,,,,,,Pass
11,0,,,,,,Pass
10,0,,,,,,Pass
9,0,,,,,,Pass
7,0,,,,,,Pass
6,0,,,,,,Pass
5,0,,,,,,Pass
3,0,,,,,,Pass
2,0,,,,,,Pass
1,0,,,,,,Pass
0,0,,,,,,Pass
2,53,,,,,,Fail
3,53,,,,,,Fail
4,53,,,,,,Fail
5,53,,,,,,Fail
6,53,,,,,,Fail
7,53,,,,,,Fail
8,53,,,,,,Fail
9,53,,,,,,Fail
13,52,,,,,,Fail
12,52,,,,,,Fail
11,52,,,,,,Fail
10,52,,,,,,Fail
7,52,,,,,,Fail
0,52,,,,,,Fail
-1,52,,,,,,Fail
-2,52,,,,,,Fail
-4,51,,,,,,Fail
-3,51,,,,,,Fail
3,51,,,,,,Fail
15,51,,,,,,Fail
17,50,,,,,,Fail
11,50,,,,,,Fail
10,50,,,,,,Fail
-5,50,,,,,,Fail
-6,50,,,,,,Fail
-8,49,,,,,,Fail
-7,49,,,,,,Fail
-6,49,,,,,,Fail
-2,49,,,,,,Fail
19,49,,,,,,Fail
-1,48,,,,,,Fail
-3,48,,,,,,Fail
-6,48,,,,,,Fail
-9,48,,,,,,Fail
-10,47,,,,,,Fail
22,47,,,,,,Fail
-11,45,,,,,,Fail
25,44,,,,,,Fail
13,44,,,,,,Fail
8,44,,,,,,Fail
2,44,,,,,,Fail
-12,44,,,,,,Fail
-14,43,,,,,,Fail
-12,43,,,,,,Fail
-11,43,,,,,,Fail
9,43,,,,,,Fail
-15,42,,,,,,Fail
16,41,,,,,,Fail
27,41,,,,,,Fail
-9,40,,,,,,Fail
-16,39,,,,,,Fail
24,39,,,,,,Fail
8,38,,,,,,Fail
-12,38,,,,,,Fail
-15,38,,,,,,Fail
-1,37,,,,,,Fail
12,37,,,,,,Fail
18,37,,,,,,Fail
6,36,,,,,,Fail
-12,36,,,,,,Fail
-16,35,,,,,,Fail
30,35,,,,,,Fail
23,34,,,,,,Fail
10,34,,,,,,Fail
8,34,,,,,,Fail
-1,33,,,,,,Fail
13,33,,,,,,Fail
24,33,,,,,,Fail
4,32,,,,,,Fail
-10,31,,,,,,Fail
-2,31,,,,,,Fail
22,31,,,,,,Fail
3,30,,,,,,Fail
16,29,,,,,,Fail
30,29,,,,,,Fail
20,28,,,,,,Fail
-9,28,,,,,,Fail
-20,28,,,,,,Fail
17,27,,,,,,Fail
7,26,,,,,,Fail
-20,25,,,,,,Fail
-19,25,,,,,,Fail
-14,25,,,,,,Fail
-13,25,,,,,,Fail
3,25,,,,,,Fail
16,25,,,,,,Fail
3,24,,,,,,Fail
-20,24,,,,,,Fail
-12,23,,,,,,Pass
-9,23,,,,,,Fail
-2,23,,,,,,Fail
29,23,,,,,,Fail
13,22,,,,,,Pass
-1,22,,,,,,Fail
-12,22,,,,,,Fail
-13,22,,,,,,Fail
-19,21,,,,,,Fail
5,21,,,,,,Fail
17,21,,,,,,Fail
26,21,,,,,,Pass
27,21,,,,,,Pass
28,21,,,,,,Fail
30,21,,,,,,Fail
31,21,,,,,,Fail
-5,20,,,,,,Fail
-18,20,,,,,,Fail
-4,19,,,,,,Fail
23,19,,,,,,Fail
15,18,,,,,,Fail
23,17,,,,,,Fail
28,17,,,,,,Fail
21,16,,,,,,Fail
-17,16,,,,,,Fail
11,15,,,,,,Fail
16,14,,,,,,Fail
20,13,,,,,,Pass
21,13,,,,,,Fail
28,13,,,,,,Fail
-9,12,,,,,,Fail
-12,12,,,,,,Fail
-8,11,,,,,,Fail
21,11,,,,,,Fail
20,10,,,,,,Fail
15,10,,,,,,Fail
4,10,,,,,,Fail
-9,10,,,,,,Fail
-13,10,,,,,,Fail
-14,10,,,,,,Fail
-14,9,,,,,,Fail
-8,9,,,,,,Fail
23,8,,,,,,Fail
-9,8,,,,,,Fail
-12,7,,,,,,Fail
22,7,,,,,,Fail
23,7,,,,,,Fail
12,6,,,,,,Fail
-4,6,,,,,,Fail
-10,6,,,,,,Fail
-11,6,,,,,,Fail
3,4,,,,,,Fail
11,2,,,,,,Fail
-4,2,,,,,,Fail
8,0,,,,,,Fail
4,0,,,,,,Fail
